<?xml version="1.0" encoding="iso-8859-1"?>
<article>
<date>Thu, 15 Sep 2005 11:39:28 GMT</date>
<auteur>Mathieu Prevel (avec AFP et Reuters)</auteur>
<titre>Lille s'incline (0-1) dans les dernieres secondes face au Benfica Lisbonne</titre>
<resume>La soiree de mercredi n'a reserve aucune surprise en Ligue des champions.</resume>
<texte>
<phrase>Au sein de l'equipe de Lille, certaines valeurs sont devenues des refrains : courage, abnegation, collectif...</phrase>
<phrase>Face aux Portugais du Benfica Lisbonne, lors de leur premiermatch de la premierephase de la Ligue des champions, mercredi 14 septembre, les Lillois ont fait tel qu'ils savent faire, serrant les rangs de la defense, courant, taclant.</phrase>
<phrase>En vain.</phrase>
<phrase>Dans les ultimes secondes de la partie, l'equipe de Claude Puel s'est inclinee (1-0) au stade de la Luz, a Lisbonne.LIGUE DES CHAMPIONS1re phase, 1re journeeGroupe A :Rapid Vienne (Aut)-Bayern Munich (All)0-1But : Guerrero (60e)FC Bruges (Bel)-Juventus Turin (Ita) 1-2Buts : Yulu-Matondo (FC Bruges, 85e), Nedved (Juventus Turin, 66e), Trezeguet (Juventus Turin, 75e)Groupe B :Sparta Prague (Rtc)-Ajax Amsterdam (Hol)1-1Buts : Matuzovic (Sparta Prague, 66e), Sneijder (Ajax Amsterdam, 90e+1)Arsenal (Ang)-Thoune (Sui) 2-1Buts : Gilberto Silva (Arsenal, 51e), Bergkamp (Arsenal, 90e+2), N.</phrase>
<phrase>Ferreira (Thoune, 53e)Groupe C :Udinese (Ita)-Panathinaïkos (Gre)3-0Buts : Iaquinta (Udinese, 28e, 73e et 76e)Werder Breme (All)-FC Barcelone (Esp) 0-2Buts : Deco (13e), Ronaldhino (76e s.</phrase>
<phrase>p.)Groupe D :Benfica (Por)-Lille (Fra) 1-0But : Miccoli (90e+2)Villarreal (Esp)-Manchester United (Ang)0-0Jusqu'a ce coup de tete decisif de l'Italien Fabrizio Miccoli, le match ne voulait pas se trouver de vainqueur.</phrase>
<phrase>La domination sterile du Benfica ne paraissait pas devoir etre suivie de concretisation.</phrase>
<phrase>Mais la dramaturgie du football se nourrit de ces improbables victoires, grattees dans l'attente du coup de sifflet final, lorsque le sablier a deja egrene les quatre-vingt-dix minutes de temps de jeu reglementaires.En realite, de drame, il n'y eut point.</phrase>
<phrase>Les Lillois, a l'issue de la partie, etaient loin d'etre aneantis.</phrase>
<phrase>Nous avons bien resiste, mais nous avons fini par plier en raison de la fatigue accumulee, constatait froidement Claude Puel.</phrase>
<phrase>Et d'ajouter, finalement satisfait : Je ne peux rien reprocher a mes joueurs, qui ont tente de bonnes choses.</phrase>
<phrase>Avant le debut de cette competition, nous etions les petits poucets.</phrase>
<phrase>Nous avons montre ce soir que nous etions capables de faire des choses.Au pays des ogres de la Ligue des champions, qui reunit le gotha des clubs europeens, Lille, qui avait fini le championnat de France 2004-2005 a une inesperee 2e place, derriere les Lyonnais, fait en effet figure de proie designee.</phrase>
<phrase>Designee, mais pas resignee.</phrase>
<phrase>Il reste cinq matches et la competition n'est pas finie, poursuivait Claude Puel.</phrase>
<phrase>Il y a eu beaucoup de bonnes choses ce soir.</phrase>
<phrase>C'est ce que je veux retenir.</phrase>
<phrase>C'est rassurant pour l'avenir, car nous continuons de progresser.Les prochains adversaires de Lille, au sein du groupe D, paraissent pourtant peu commodes.</phrase>
<phrase>Dans le match qui les opposait, mercredi, dans l'antre d'Old Trafford, les Anglais de Manchester United et les Espagnols de Villareal n'ont pu se departager (0-0).L'equipe de Claude Puel n'aura pas le plaisir d'affronter ces prestigieux adversaires a domicile, car elle ne possede pas de stade aux normes europeennes.</phrase>
<phrase>C'est donc au Stade de France, a Saint-Denis, qu'elle accueillera Villareal, le 27 septembre, et Manchester United, le 2 novembre.Si Lille aime a se presenter comme un petit poucet, il fait pourtant figure de geant par rapport au modeste FC Thoune.</phrase>
<phrase>Le club helvetique, dote d'un modeste budget de 5 millions de francs suisses (3,2 millions d'euros), a pourtant tenu tete aux stars d'Arsenal dans leur stade d'Highbury, dans le groupe B, ne s'inclinant (2-1), lui aussi, qu'a quelques secondes du terme du match.</phrase>
<phrase>L'equipe londonienne, reduite a dix joueurs a la 45e minute, a la suite de l'expulsion de Robin Van Persie, a du son salut a l'eternel Dennis Bergkamp, 36 ans, esseule sur le front d'une attaque privee de Thierry Henry, blesse.Mais la soiree n'etait pas propice aux jolis contes.</phrase>
<phrase>Tous les favoris se sont imposes, mercredi.</phrase>
<phrase>Ainsi, dans le groupe A, les Italiens de la Juventus de Turin ont battu les Belges du FC Bruges (2-1), tandis que les Allemands du Bayern Munich se defaisaient des Autrichiens du Rapid Vienne (1-0).</phrase>
<phrase>Dans le groupe C, les Espagnols du FCBarcelone se sont imposes face aux Allemands du Werder Breme (2-0).
</phrase></texte>
</article>
