<?xml version="1.0" encoding="iso-8859-1"?>
<article>
<date>Sun, 18 Sep 2005 18:00:11 GMT</date>
<auteur>Informations pratiques et programme des expositions</auteur>
<titre>Les 22e Journees du Patrimoine ont attire plus de 12 millions de visiteurs</titre>
<resume>Vedette de cette manifestation, le Grand-Palais a reçu 100 000 personnes.</resume>
<texte>
<phrase>Plus de 12 millions de visiteurs, soit grosso modo autant que l'an dernier, ont investi samedi 17 et dimanche 18 septembre les quelque 15 000 sites ouverts en France a l'occasion des 22e Journees du Patrimoine, a annonce le ministere de la culture.Vedette incontestee de cette manifestation annuelle qui se tient en septembre dans 47 pays europeens, le Grand-Palais, joyau art-deco construit pour l'Exposition universelle 1900, rouvert apres douze ans de restauration, a attire, a lui seul, 100 000 personnes, selon le ministere.Les visiteurs français et etrangers ont eu la surprise de se voir accueillir a l'Elysee par le president français, Jacques Chirac, sorti samedi sur le perron du palais presidentiel, pour sa premiere rencontre publique depuis sa sortie de l'hopital le 9 septembre.</phrase>
<phrase>Le president français a ete hospitalise une semaine pour un petit accident vasculaire cerebral, ayant entraine une gene visuelle.</phrase>
<phrase>L'Elysee a reçu pres de 12 000 visiteurs.Le chateau de Versailles, autre aimant de ces journees, a draine plus de 28 000 curieux par un temps radieux au cours de ces journees, marquees par 20 000 animations proposees aux visiteurs.
</phrase></texte>
</article>
