<?xml version="1.0" encoding="iso-8859-1"?>
<article>
<date>Mon, 05 Sep 2005 12:07:49 GMT</date>
<auteur>Martin Plichta</auteur>
<titre>Prague inaugure les Journees europeennes du patrimoine</titre>
<resume>En un mois, 35 000 edifices seront ouverts dans l'ensemble du vieux continent.</resume>
<texte>
<phrase>Les Journees europeennes du patrimoine ont ete inaugurees vendredi 2 septembre a Prague.</phrase>
<phrase>Nees en 1985 a l'initiative du ministre français de la culture, Jack Lang, ces journees portes ouvertes des monuments historiques sont desormais plebiscitees a travers l'Europe, avec vingt millions d'entrees l'annee derniere.</phrase>
<phrase>Elles culmineront le week-end des 17 et 18 septembre lorsque quelque 35 000 edifices historiques, dont nombre sont generalement fermes au public, ouvriront leurs portes en France et dans la plupart des pays europeens.</phrase>
<phrase>En Republique tcheque, ce sont plus d'une centaine de lieux d'ordinaire caches aux amateurs d'art qui seront accessibles l'espace de quelques heures ou de quelques jours, entre les 9 et 18 septembre.Un mois de visites dans 48 pays 
 Les vingt-cinq membres de l'Union europeenne et les vingt-trois autres Etats de la Convention culturelle europeenne du Conseil de l'Europe ouvrent leurs batiments pour les Journees europeennes du patrimoine, tout au long du mois de septembre.</phrase>
<phrase>En sus du slogan commun L'Europe, un patrimoine pour tous, la plupart des participants adoptent leur propre theme annuel.</phrase>
<phrase>Apres l'ouverture du bal par la Republique tcheque les 2 et 3 septembre, la Federation de Russie prend le relais les 3 et 4 sur le theme du Patrimoine de l'autre.</phrase>
<phrase>La Serbie s'interessera a ses Terres (du 5 au 30) et la Suede a son Patrimoine maritime (le 11).</phrase>
<phrase>L'Allemagne prend pour sujet Guerre et paix (le 11) et l'Autriche Reconstruction (le 9) ; l'Islande se penche sur les Anciens cimetieres (le 10), la Grece convie la Culture autour de la table (du 23 au 25).</phrase>
<phrase>Le Portugal se met en Musique (les 24 et 25).</phrase>
<phrase>L'Italie choisit Culture et style de vie (les 24 et 25), tandis que la Lettonie se recentre sur ses Cent monuments les mieux sauvegardes (du 9 au 11).</phrase>
<phrase>En France, rendez-vous les 17 et 18 septembre sur le theme J'aime mon patrimoine.</phrase>
<phrase>
 Parmi les edifices phares de l'edition 2005 des Journees du patrimoine en Republique tcheque, l'ambassade de France a Prague ouvrira pour la premiere fois ses portes a un large public le dimanche 18.</phrase>
<phrase>Les ministeres tcheques de la culture et du developpement regional, en principe garants de la manifestation, organisee par l'Association des villes historiques de Boheme, Moravie et Silesie, ne font aucun effort de communication et laissent aux villes, institutions et proprietaires prives y participant le soin de s'en charger.</phrase>
<phrase>Aussi l'ambassadeur de France a Prague, Joel de Zorzi, a-t-il souhaite apporter sa contribution a une manifestation qui manque, dans ce pays, de notoriete.LUSTRES DE CRISTAL DE BOHÊMEA l'instar des representations diplomatiques françaises a Rome (palais Farnese) ou a Lisbonne (palais de Santos), l'ambassade de France a Prague est installee, depuis 1919, au palais Buquoy.</phrase>
<phrase>Ce magnifique edifice baroque, datant de 1719 et reconstruit en 1738, se situe a Mala Strana (le Petit Cote), le quartier le plus pittoresque du coeur historique de la capitale tcheque.</phrase>
<phrase>Les Praguois pourront visiter ses salons aux stucs baroques et admirer les lustres de cristal de Boheme et de Venise, les precieuses tapisseries et peintures, la salle de concert et de bal aux miroirs ou encore la salle a manger, qui a tenu un grand role dans l'histoire recente de la Republique tcheque.C'est ici que le 9 decembre 1988, le president François Mitterrand avait rencontre pour un petit-dejeuner autour de la grande table ovale les chefs de file de la dissidence au regime communiste alors au pouvoir a Prague.</phrase>
<phrase>Ils etaient emmenes par Vaclav Havel, qui, douze mois plus tard, le 29 decembre 1989, etait elu a la magistrature supreme de son pays, au terme d'une annee mouvementee et de la revolution de velours.Les melomanes apprecieront la possibilite de gouter a l'atmosphere de ce palais ou Mozart donna plusieurs concerts prives, lors de ses sejours praguois.</phrase>
<phrase>L'installation Maquette, de l'artiste français Didier Marcel (pret du Fonds regional d'art contemporain de Bourgogne), sera egalement presentee a cette occasion dans les jardins de l'ambassade de France.A deux pas de la, de l'autre cote des jardins du palais, le palais Nostitz, qui abrite le ministere tcheque de la culture, accueillera aussi des visiteurs.</phrase>
<phrase>Cette ouverture est a peu pres la seule contribution publique a cette manifestation, qui est organisee et portee a bout de bras par l'Association des villes historiques.
</phrase></texte>
</article>
