<?xml version="1.0" encoding="iso-8859-1"?>
<article>
<date>Sun, 18 Sep 2005 20:57:29 GMT</date>
<auteur></auteur>
<titre>L'equipe de France de tennis battue en finale de la Fed Cup au terme d'un duel epique avec la Russie</titre>
<resume>Lisez l'integralite de l'article pour plus d'information.</resume>
<texte>
<phrase> Pour visualiser le Desk il faut avoir un navigateur qui affiche des frames.</phrase>
<phrase>Pour visualiser le Desk il faut avoir un navigateur qui affiche des frames.</phrase>
<phrase></texte>
</article>
