<?xml version="1.0" encoding="iso-8859-1"?>
<article>
<date>Fri, 09 Sep 2005 16:52:03 GMT</date>
<auteur>Marc Roche</auteur>
<titre>Miracle : le cricket est devenu en Angleterre po-pu-lai-re</titre>
<resume>Lisez l'integralite de l'article pour plus d'information.</resume>
<texte>
<phrase>h, mon Dieu, si je dois mourir aujourd'hui, faites que ce soit apres la fin de la partie ! : comme l'atteste le poeme, publie dans le Times, de l'ancien premier ministre John Major, l'exploit de l'equipe d'Angleterre, qui dispute, depuis le 8 septembre, au stade londonien d'Oval, la cinquieme et derniere manche du tournoi des Ashes (cendres) contre l'Australie, a mis le feu au pays.</phrase>
<phrase>Apres une bien longue attente ­ seize ans ­, l'espoir d'un retour de la petite urne renfermant les restes d'un wicket, sorte de trepied incinere en 1882 lorsque, pour la premiere fois, la puissance imperiale s'etait inclinee devant sa colonie, a eu raison de la retenue liee a ce jeu proche du base-ball.Dans les bureaux de la City, les bus ou les salons de the, on n'entend plus parler que des exploits d'Andrew Flintoff, star de la batte, qui a chasse le footballeur David Beckham de son piedestal.</phrase>
<phrase>Riches et pauvres, jeunes et vieux, toutes couleurs et religions confondues, vibrent a l'unisson de Kevin Pietersen, dont le tatouage sur le biceps des trois lions de l'equipe d'Angleterre est desormais a la mode.</phrase>
<phrase>Calicots, petits drapeaux, copies de l'urne en vitrine, sur les façades et dans la rue, danses hysteriques de supporteurs et debauche de superlatifs dans les journaux : pour les editorialistes, il s'agit de l'evenement sportif le plus important depuis la finale de la Coupe du monde de foot, en 1966 a Wembley, remportee par l'Angleterre.Les matches, retransmis en direct sur Channel Four, sont suivis devant le poste de television par 8 a 10 millions de personnes.</phrase>
<phrase>Au marche noir, les billets se vendent jusqu'a cinq fois le prix officiel.</phrase>
<phrase>Des appartements offrant une vue sur la pelouse sacree sont loues 23 000 livres la petite semaine.</phrase>
<phrase>Le bookmaker en ligne Betfair accepte les paris les plus insolites.Comment expliquer cette nouvelle ferveur quasi religieuse pour un sport longtemps reserve a la gent aisee et aux colleges prives ? Pour les experts, le cricket sert d'antidote aux recentes humiliations subies par l'equipe nationale d'Angleterre de foot lors des qualifications au Mondial 2006 ainsi qu'a l'overdose de matches a la television.</phrase>
<phrase>Les Ashes jettent aussi un voile sur les revers des rugbymen champions du monde en titre lors du dernier tournoi des Cinq Nations et les deculottees subies par les tennismen, nageurs et athletes d'Albion.</phrase>
<phrase>Le venerable cricket est devenu un pactole convoite par les sponsors et industriels, qui exploitent cette nouvelle poule aux ufs d'or.
</phrase></texte>
</article>
