<?xml version="1.0" encoding="iso-8859-1"?>
<article>
<date>Sat, 17 Sep 2005 12:39:43 GMT</date>
<auteur>Herve Morin</auteur>
<titre>De la difficulte d'anticiper les orages</titre>
<resume>Les services de prevision des inondations se reorganisent.</resume>
<texte>
<phrase>Peut-on mieux prevoir et prevenir les inondations ? En France, quatre millions de personnes vivent en zone inondable.</phrase>
<phrase>Vulnerable, le Gard a ete une nouvelle fois touche en raison de violents orages, les 6 et 8 septembre.Meteo France, mise en cause pour ses estimations sur la journee du 8 septembre, ou ses cartes de vigilance etaient au niveau orange, et non rouge, se defend d'avoir sous-estime l'episode orageux.</phrase>
<phrase>Ce jour-la, le cumul des precipitations n'a pas atteint les 300 millimetres, seuil du passage au niveau rouge.</phrase>
<phrase>Mais les sols deja gorges d'eau par les pluies tombees l'avant-veille ont favorise les inondations.Ce distinguo entre precipitations et crues n'est pas forcement tres lisible pour les victimes des inondations.</phrase>
<phrase>A compter de juillet 2006, celles-ci feront l'objet de cartes de vigilance specifiques.</phrase>
<phrase>La ministre de l'ecologie, Nelly Olin, en visite a la meteopole de Toulouse, jeudi 15 septembre, est venue constater la montee en puissance du Service central d'hydrometeorologie et d'appui a la prevision des inondations (Schapi).</phrase>
<phrase>Dependant de son ministere, il sera charge, en cooperation avec Meteo France, de la production de ces cartes (Le Monde du 31 aout).Destinees aux pouvoirs publics, aux elus et aux services d'intervention, elles seront diffusees deux fois par jour.</phrase>
<phrase>Un code couleur (vert, jaune, orange, rouge) indiquera le risque d'inondation pour chaque cours d'eau.</phrase>
<phrase>Leur etablissement s'appuiera sur une multitude de parametres : cumul et prevision des pluies, mais aussi etat des sols ­ sont-ils ou non permeables ? ­, relief, niveau des cours d'eau.Le dernier episode orageux du Gard montre que cette integration des donnees est encore perfectible.</phrase>
<phrase>La prevision de la pluie a ete assez bonne.</phrase>
<phrase>La prevision de la consequence de la pluie a ete moins bonne le deuxieme jour, est convenu le directeur de l'eau du ministere de l'ecologie, Pascal Berteaud, qui invoque les difficultes d'evaluation des ruissellements urbains .La cooperation entre le ministere de l'ecologie et Meteo France (dependant du ministere de l'equipement), contractualisee pour la periode 2005-2008, prevoit plusieurs voies d'amelioration.</phrase>
<phrase>L'un des aspects concerne le renforcement du nombre des radars meteorologiques ­ 22 a la fin 2006 ­ capables de detecter les gouttes d'eau dans les nuages.</phrase>
<phrase>Ce reseau devrait permettre de mieux deceler les phenomenes dangereux.</phrase>
<phrase>Mais la difficulte est de trouver une loi pour transformer le signal de reflexivite des gouttelettes en quantite de precipitations, indique cependant Emmanuel Legrand, de la direction de la prevision de Meteo France.MAILLES TROP LÂCHESMeteo France met par ailleurs au point, avec l'universite Paul-Sabatier de Toulouse et un reseau d'equipes europeennes, un nouveau modele numerique de prevision du temps a courte echeance et a echelle tres fine.</phrase>
<phrase>Baptise Arome, cet outil vise tout particulierement la prevision des orages.</phrase>
<phrase>Les crues rapides sont occasionnees par ces phenomenes localises, que les modeles numeriques actuels ne peuvent pas apprehender.</phrase>
<phrase>Leurs mailles, d'une resolution de 10 km de cote sur la France, sont en effet trop laches.Arome, avec une resolution de 2 a 3 km, permet enfin de simuler la croissance des nuages d'orage, indique Eric Brun, directeur scientifique de Meteo France.</phrase>
<phrase>Pour ce faire, il faut etre capable d'estimer les deplacements d'air verticaux au sein de ces formations tres actives, mais aussi de calculer les echanges thermiques, qui commandent la formation des gouttes.</phrase>
<phrase>L'ensemble de ces phenomenes ayant un lien direct avec la surface du sol : une zone urbanisee, un lac ou une foret n'auront pas le meme impact sur la genese des nuages.Arome devra donc prendre en compte tous ces parametres, au prix de calculs 300 fois plus couteux qu'aujourd'hui, evalue Eric Brun.</phrase>
<phrase>Pour le faire tourner en vraie grandeur, Meteo France devra se doter en 2006-2007 d'un nouveau calculateur, capable d'effecteur 5 a 10 teraflops (milliers de milliards d'operations par seconde).</phrase>
<phrase>Le calculateur actuel ne pourrait livrer sa prevision qu'apres que l'orage a eu lieu...
</phrase></texte>
</article>
