<?xml version="1.0" encoding="iso-8859-1"?>
<article>
<date>Thu, 08 Sep 2005 09:19:10 GMT</date>
<auteur></auteur>
<titre>US Open : Pierce elimine Mauresmo, Agassi en demi-finale</titre>
<resume>Mary Pierce s'est qualifiee pour sa premiere demi-finale de l'US Open de tennis en battant aisement Amelie Mauresmo, 6-4 6-1, mercredi. Cote hommes, Andre Agassi a battu son compatriote James Blake en quart de finale apres un match haletant en cinq sets (3-6 3-6 6-3 6-3 7-6). </resume>
<texte>
<phrase> Pour visualiser le Desk il faut avoir un navigateur qui affiche des frames.</phrase>
<phrase>Pour visualiser le Desk il faut avoir un navigateur qui affiche des frames.</phrase>
<phrase></texte>
</article>
