<?xml version="1.0" encoding="iso-8859-1"?>
<article>
<date>Thu, 29 Sep 2005 09:13:01 GMT</date>
<auteur></auteur>
<titre>Ligue des champions : Lyon en bonne voie</titre>
<resume>Deux semaines apres avoir battu le Real Madrid (3-0) a domicile, Lyon a confirme son excellent depart en Ligue des champions en s'imposant en Norvege face a Rosenborg (0-1), gr�ce a un but de son defenseur bresilien Cris (45e).</resume>
<texte>
<phrase> 
 Ventre du Monde Pour visualiser le Desk il faut avoir un navigateur qui affiche des frames.</phrase>
<phrase>Pour visualiser le Desk il faut avoir un navigateur qui affiche des frames.</phrase>
<phrase></texte>
</article>
