<?xml version="1.0" encoding="iso-8859-1"?>
<article>
<date>Thu, 08 Sep 2005 12:08:44 GMT</date>
<auteur>Stephane Foucart</auteur>
<titre>Sous l'effet du rechauffement, les sols rejettent du carbone</titre>
<resume>Lisez l'integralite de l'article pour plus d'information.</resume>
<texte>
<phrase>Un cercle vicieux.</phrase>
<phrase>Le processus que decrivent des chercheurs britanniques dans l'edition du jeudi 8 septembre de la revue Nature a tout lieu d'inquieter.</phrase>
<phrase>Il indique que le rechauffement climatique entraine, dans certains ecosystemes, des reponses conduisant directement a son aggravation.</phrase>
<phrase>Pat Bellamy, Peter Loveland et trois de leurs collegues du National Soil Resources Institute (universite de Cranfield), ont mesure les quantites de dioxyde de carbone (CO2) relachees par les sols d'Angleterre et du Pays de Galles entre 1978 et 2003.</phrase>
<phrase>Mauvaise surprise : au cours de cette periode et sous l'effet du changement climatique, environ 13 millions de tonnes de carbone s'en sont annuellement echappees et ont ete liberees dans l'atmosphere.Le peril du reboisement de la toundraSous l'effet du rechauffement, la couverture vegetale des regions arctiques du Canada, de l'Alaska et de la Russie augmente continument.</phrase>
<phrase>Comme l'ont montre plusieurs etudes, ce processus implique, via la synthese de nouvelle biomasse, un important stockage de carbone.</phrase>
<phrase>Des travaux publies, jeudi 7 septembre, dans le Journal of Geophysical Research explorent un autre aspect de ces bouleversements.</phrase>
<phrase>Selon cette etude, la croissance acceleree des arbustes de la toundra modifie l'enneigement hivernal de ces vastes zones.</phrase>
<phrase>En retour, l'indice de reflexivite (ou albedo) de ces regions change : elles reflechissent moins la lumiere du Soleil et absorbent plus d'energie.</phrase>
<phrase>De quoi bouleverser un fragile equilibre energetique, expliquent les auteurs de l'etude, et favoriser, plus encore, la pousse des vegetaux.L'exces d'energie absorbee par la toundra au cours de l'hiver est egalement susceptible de liberer une part du carbone stocke dans les sols.</phrase>
<phrase>Enfin, l'enneigement reduit de ces regions pourrait contribuer a modifier l'albedo moyen de la Terre et contribuer directement a son rechauffement.De telles pertes de carbone sont d'une ampleur alarmante , ecrivent, dans un commentaire publie par Nature , Annette Freibauer et Ernst-Detlef Schulze, biogeochimistes au Max Planck Institute.</phrase>
<phrase>Par comparaison, les activites humaines engendrent, au Royaume-Uni, l'emission d'environ 150 millions de tonnes equivalent-carbone.Le CO2 relargue par les sols alourdit ce bilan.</phrase>
<phrase>Pis : selon les estimations des chercheurs, ces pertes non comptabilisees correspondent a la totalite des reductions d'emissions de CO2 realisees par le Royaume-Uni entre 1990 et 2002 .</phrase>
<phrase>Ce qui reduit a neant l'effet des mesures prises outre-Manche pour reduire les rejets de gaz a effet de serre.En outre, le protocole de Kyoto ne tient pas compte des changements intervenus dans les stocks de carbone organique contenus dans les sols.</phrase>
<phrase>A l'aune des travaux presentes, previennent Ernst-Detlef Schulze et Annette Freibauer, une politique climatique efficace devra, a l'avenir, tenir compte de toutes les sources de carbone en evitant de favoriser la liberation dans l'atmosphere des stocks existants dans la biosphere.ZONES TOURBEUSESFrappante, l'estimation avancee par les chercheurs britanniques est neanmoins jugee tres solide par Dominique Arrouays, directeur de l'unite Infosol de l'Institut national de la recherche agronomique (INRA).</phrase>
<phrase>D'autant, explique-t-il, que les scientifiques se doutaient qu'une des sources potentielles de relargage du carbone des sols etait situee dans les pays de l'hemisphere nord, dans les zones tourbeuses que l'on trouve jusque dans les regions circumpolaires .Selon les auteurs de l'etude, la principale cause est l'augmentation de la temperature due au rechauffement climatique.</phrase>
<phrase>Celle-ci accelere les mecanismes de mineralisation qui transforment le carbone organique stocke dans les sols en CO2.Les changements, dans l'utilisation et l'exploitation des terrains, intervenus au cours de ces vingt-cinq dernieres annees sont, sans doute, egalement a incriminer.</phrase>
<phrase>Mais les chercheurs ne disposent pas de donnees suffisamment precises sur l'evolution des pratiques agricoles (drainage des sols, conversion en prairies, etc.) entre 1978 et 2003 pour statuer.</phrase>
<phrase>Les chutes de la teneur en carbone mises en evidence concernent principalement les prairies, les tourbes et les zones de moyenne montagne, precise toutefois M.</phrase>
<phrase>Arrouays.</phrase>
<phrase>Les zones cultivees sont egalement touchees, mais dans une moindre mesure.Bien que limites a l'Angleterre et au Pays de Galles, ces travaux n'en revetent pas moins une importance cruciale.</phrase>
<phrase>A l'echelle mondiale, en effet, les sols conservent une quantite estimee a 300 fois le montant de carbone libere chaque annee par la combustion des ressources fossiles (petrole, gaz, charbon).</phrase>
<phrase>Dans la couche de terre proche de la surface sont en effet stockes des residus organiques de plantes, d'animaux, etc., principalement composes de carbone.Le phenomene mis en evidence en Angleterre et au Pays de Galles ne peut cependant etre generalise a toute la planete.</phrase>
<phrase>Tant s'en faut.</phrase>
<phrase>Les sols etudies, tres tourbeux et particulierement riches en carbone, ne se rencontrent que sous des conditions climatiques de froid et d'humidite , dit M.</phrase>
<phrase>Arrouays.</phrase>
<phrase>Les terrains que l'on trouve en France ou sur le pourtour mediterraneen sont, par exemple, beaucoup moins riches en matiere organique.</phrase>
<phrase>Ils sont, ainsi, bien moins susceptibles de relacher un excedent de CO2 dans l'atmosphere.</phrase>
<phrase>La tendance n'est pas univoque , ajoute M.</phrase>
<phrase>Arrouays.</phrase>
<phrase>Dans d'autres zones, les stocks de carbone pourront etre augmentes sous l'effet des modifications climatiques.6 000 ÉCHANTILLONSExtrapoler la situation rencontree outre-Manche aux regions de sols comparables est egalement perilleux : la stabilite de la matiere organique stockee depend non seulement de la qualite des terrains, mais egalement de plusieurs facteurs comme l'intensite du rechauffement climatique mesure localement, les usages et les pratiques agricoles, les changements eventuels de regime pluviometrique, etc.Des mesures comparables a celles realisees par le National Soils Resources Institute ne peuvent etre menees dans tous les pays.</phrase>
<phrase>Elles reposent, en effet, sur un dense maillage des territoires.</phrase>
<phrase>C'est grace a ce reseau que les chercheurs ont pu etudier les variations de la teneur en carbone de 6 000 echantillons representatifs de la composition des terrains.</phrase>
<phrase>Ils ont, ensuite, extrapole leurs mesures a l'ensemble du territoire.Un tel reseau de surveillance des sols est en cours de deploiement en France par un Groupe d'interet scientifique (GIS) qui rassemble le ministere de l'ecologie, celui de l'agriculture, l'Ademe, l'Institut français de l'environnement (IFEN) et l'INRA.</phrase>
<phrase>Ce reseau couvre aujourd'hui 40 % du territoire et doit etre finalise en 2007.</phrase>
<phrase>Il permettra, une fois acheve, de suivre l'evolution des concentrations de carbone, mais aussi les teneurs en metaux lourds et en divers polluants.
</phrase></texte>
</article>
