<?xml version="1.0" encoding="iso-8859-1"?>
<article>
<date>Mon, 12 Sep 2005 11:48:05 GMT</date>
<auteur>Patrick Labesse</auteur>
<titre>Musiques du monde : les identites de Susheela Raman</titre>
<resume>"Susheela est face a une contradiction insoluble. Elle est nee indienne, a grandi en Australie et possede en meme temps une culture rock et une culture musicale religieuse tamoule".</resume>
<texte>
<phrase>usheela est face a une contradiction insoluble.</phrase>
<phrase>Elle est nee indienne, a grandi en Australie et possede en meme temps une culture rock et une culture musicale religieuse tamoule, declare le guitariste et compositeur Sam Mills, complice des vies musicale et quotidienne de Susheela Raman, dans l'extrait du documentaire realise par Mark Kidel, Susheela Raman ­ - Aux sources indiennes (Arte-Les Films d'ici), contenu sur le DVD bonus (38 minutes) qui accompagne Music for Crocodiles.</phrase>
<phrase>C'est le nouvel album de la jeune chanteuse britannique d'origine tamoule, apres Salt Rain (2001) et Love Trap (2003).Susheela Raman, poursuit Mills, ne peut qu'explorer cette contradiction.</phrase>
<phrase>C'est une evolution perpetuelle, un questionnement sans fin.</phrase>
<phrase>Entre la culture tamoule de ses parents dont son enfance a ete impregnee et celle, proteiforme, des milieux urbains occidentaux dans lesquels elle a evolue depuis sa naissance (a Londres, en 1973), la chanteuse oscille sereinement, elle cherche des points d'equilibre, des connexions.</phrase>
<phrase>Cette quete l'a amenee jusqu'a Chenai (Madras) ou la plus grande partie de Music for Crocodiles a ete enregistree.Aller uniquement vers une relecture de pieces du repertoire carnatique (musique de l'Inde du Sud), vers lequel elle s'est deja tournee, aurait ete une demarche trop schematique.</phrase>
<phrase>Susheela Raman et Sam Mills ont pris le contre-pied du raisonnable, en demandant aux musiciens classiques indiens de jouer aussi sur les melodies pop-folk chantees en anglais (plus de la moitie des titres).</phrase>
<phrase>Pour ces artistes, habitues a sortir du cadre classique lorsqu'ils participent a l'enregistrement de musiques de films, l'exercice fait figure de creative recreation, pour le tandem Raman et Mills, c'est un challenge, un defi, aborde avec autant d'audace que de timidite.Entre-deux subtilement pense, Music for Crocodiles est une synthese reussie de toutes les influences qui font la personnalite artistique de Susheela Raman.</phrase>
<phrase>L'album s'ouvre sur What Silence Said, emouvante ballade dans laquelle la chanteuse evoque le suicide d'un ami.</phrase>
<phrase>D'une sensualite capiteuse, la voix au penetrant timbre mat y repond aux circonvolutions du violon carnatique (Embar.</phrase>
<phrase>S.</phrase>
<phrase>Kannan).</phrase>
<phrase>Apres Music for Crocodiles, la chanson-titre, d'une intense energie (ou emerge l'orgue Hammond habile du musicien malien Cheick Tidiane Check, l'un des invites parisiens, avec le duo Bumcello, de la chanteuse), ce sont les glissandi d'une vina (grand luth a sept cordes, joue horizontalement, instrument-cle de la musique carnatique) tenue par A.</phrase>
<phrase>K.</phrase>
<phrase>Devi qui introduisent Light Years.Outre cette adaptation d'une melodie de l'Inde du Sud, transformee en chanson d'amour, Susheela Raman et Sam Mills metamorphosent en blues (Meanwhile) le raga kanakangi, de Tyagaraja, compositeur du XIIIe siecle, l'une des trois figures essentielles de la musique carnatique moderne, avec Syama Sastri et Dikshitar.</phrase>
<phrase>Il y aussi une relecture funky d'Idi Samayama, autre composition de Tyagaraja, et une reprise de Sharavana, chanson tamoule evoquant le dieu Muruga qui symbolise la victoire de la lumiere sur les tenebres.Pour dire avec les mots ses interrogations quant a son identite plurielle qu'elle exprime dans les univers musicaux conçus avec Sam Mills, Susheela Raman a demande a Barmak Akram, poete afghan en exil a Paris, de lui ecrire, en français, L'Ame volatile.</phrase>
<phrase>Je suis rarement ou se trouve mon corps/Je ne sais ou se trouve ma ville/De voyage en voyage, d'exil en exil, dit le texte de la chanson.Music for Crocodiles, de Susheela Raman, 1 CD Narada/Virgin.
</phrase></texte>
</article>
