<?xml version="1.0" encoding="iso-8859-1"?>
<article>
<date>Sat, 10 Sep 2005 12:24:44 GMT</date>
<auteur>Jerome Fenoglio</auteur>
<titre>Le cyclone Katrina complique le retour en vol de la navette spatiale</titre>
<resume>Les degats pourraient contraindre la NASA a renoncer a la fenetre de tir en mars 2006.</resume>
<texte>
<phrase>Les mauvaises nouvelles s'abattent sur la navette spatiale avec un acharnement qui finirait presque par paraitre suspect.</phrase>
<phrase>Aux anomalies apparues durant le retour en vol de Discovery, du 26 juillet au 9 aout, s'ajoutent depuis quelques jours les degats causes par le cyclone Katrina a deux centres cruciaux pour le programme americain, situes pres de La Nouvelle-Orleans (Louisiane).Ces nouveaux deboires empechent aujourd'hui la NASA de disposer de la moindre certitude sur le maintien du prochain lancement en mars 2006, comme le prevoyait le nouveau calendrier des vols.</phrase>
<phrase>Une note interne a l'agence evoque meme un report du tir a la fin de 2006.</phrase>
<phrase>Mais, c'est la que les soupçons commencent, cette dramatisation peut aussi aider les Americains a faire avaler a leurs partenaires des compromis sur la construction de la station spatiale internationale (ISS), dont le planning sera discute en octobre.Pour l'heure, une chose est certaine : dans cette periode capitale pour son avenir, la NASA se serait bien passee de voir ses dilemmes budgetaires encore alourdis par les consequences du passage de Katrina.</phrase>
<phrase>La violence du cyclone pourrait lui couter, ainsi qu'a ses partenaires industriels, un milliard de dollars.</phrase>
<phrase>Au centre spatial Stennis (Mississippi), qui teste les moteurs principaux de la navette, 200 des employes ont perdu leur logement a cause de la montee des eaux.La situation est toutefois beaucoup plus inquietante a l'usine d'assemblage de Michoud, dans la banlieue est de La Nouvelle-Orleans, mise a disposition de la firme Lookheed-Martin.</phrase>
<phrase>Une partie du toit du batiment principal s'est effondree, meme si le reste des hangars semble intact.</phrase>
<phrase>Le retablissement de l'alimentation en electricite pourrait prendre des semaines.</phrase>
<phrase>Surtout, la societe etait sans nouvelles, jeudi 8 septembre, de la moitie des 2 000 employes du site.</phrase>
<phrase>Le relogement de ces personnels dans une ville en grande partie detruite sera particulierement delicat.Or l'usine de Michoud etait au centre des modifications a apporter a la navette.</phrase>
<phrase>C'est la que Lookheed-Martin fabrique le reservoir externe de l'avion spatial avant de le faire naviguer sur des barges jusqu'aux cotes de Floride, en vue des lancements du Centre spatial Kennedy.</phrase>
<phrase>Les debris de mousse isolante arraches a cet enorme cylindre avaient cause la perte de Columbia et de ses sept membres d'equipage en fevrier 2003.</phrase>
<phrase>Deux ans et demi plus tard, malgre 4,5 milliards de dollars d'ameliorations, le probleme s'est repete, dans des proportions moindres, lors du depart de Discovery.</phrase>
<phrase>Les techniciens de Michoud etaient charges de le regler avant toute reprise des vols.</phrase>
<phrase>Comment parvenir, desormais, a tenir l'echeance de mars 2006 ?RÉDUCTION DRASTIQUEJeudi 8 septembre, William Gerstenmaier, responsable des operations spatiales de la NASA, avouait son impuissance a proposer un calendrier plausible.</phrase>
<phrase>Les modifications du reservoir externe pourraient etre menees par differents sites, dont celui du Centre spatial Kennedy.</phrase>
<phrase>Il s'est contente de qualifier de tres preliminaires et d'informelles les predictions contenues dans une note interne de la NASA rendue publique par plusieurs sites Web americains.Dans ce texte, le directeur du programme des navettes, Wayne Hale Jr, evoque le risque d'un report de la reprise des vols a la fin de 2006.</phrase>
<phrase>Katrina n'y est meme pas pour grand-chose : un lancement de Discovery en mars n'etait, de toute maniere, pas faisable avant meme que l'ouragan ne vienne bouleverser le paysage.</phrase>
<phrase>Ce diagnostic precyclonique n'envisageait que le mois de mai comme premiere echeance.Ces retards compliqueraient encore un peu plus l'assemblage de l'ISS auquel les Americains sont tenus par un accord international.</phrase>
<phrase>Les navettes sont les camions indispensables a ce chantier, avant leur mise a la retraite fin 2010.</phrase>
<phrase>Aux Etats-Unis, ces delais alimenteront le vent forcissant des critiques qui reclament le retrait immediat de ces engins trop couteux et trop dangereux.</phrase>
<phrase>Fin aout, le patron de la NASA, Michael Griffin, a ecarte cette solution.</phrase>
<phrase>Mais il peut aussi chercher a retourner la mauvaise fortune a son avantage.</phrase>
<phrase>En expliquant a ses partenaires dans l'ISS, principalement europeens et japonais, que, decidement, le sort s'acharne sur la navette, que sa bonne volonte n'en peut mais, et qu'il est temps de se resigner a une reduction drastique du nombre de vols vers la station.
</phrase></texte>
</article>
